"","mod","climate_proj","year","mean.temp","temp.sd"
"1","AWI","2-6",2015,10.0187717757816,5.7541607788254
"2","AWI","2-6",2016,9.28950076641513,6.32442722690845
"3","AWI","2-6",2017,10.0898765796752,6.16827582200889
"4","AWI","2-6",2018,9.36896797652184,5.94000534558123
"5","AWI","2-6",2019,9.71360629449645,5.87261013390725
"6","AWI","2-6",2020,9.99051367810957,5.41607975339151
"7","AWI","2-6",2021,9.9168127421091,5.38230362181151
"8","AWI","2-6",2022,10.4181419536325,6.0140363009679
"9","AWI","2-6",2023,10.260812821107,5.50555463627501
"10","AWI","2-6",2024,9.88406001887156,5.57425143449807
"11","AWI","2-6",2025,10.4735169820342,6.0913902724147
"12","AWI","2-6",2026,9.14461888274508,5.25450413181199
"13","AWI","2-6",2027,10.6706957357505,6.09536610835304
"14","AWI","2-6",2028,11.3498815351346,6.59289036954443
"15","AWI","2-6",2029,10.6925484772999,6.17217121208224
"16","AWI","2-6",2030,10.9450624385793,5.62138783046604
"17","AWI","2-6",2031,12.1112273546819,6.11048628017909
"18","AWI","2-6",2032,10.8457279632224,6.23116573546404
"19","AWI","2-6",2033,10.7398128604968,6.26031035483652
"20","AWI","2-6",2034,10.8198372231841,5.62560534009639
"21","AWI","2-6",2035,11.0266746331355,6.1798743476808
"22","AWI","2-6",2036,10.9273842975313,5.48019345978711
"23","AWI","2-6",2037,11.1780520015854,6.32157928562779
"24","AWI","2-6",2038,10.0955034667395,5.55138690174431
"25","AWI","2-6",2039,10.0922568218992,5.57696332217627
"26","AWI","2-6",2040,10.3901848674604,5.57736429029031
"27","AWI","2-6",2041,10.7314692858438,5.6846925050307
"28","AWI","2-6",2042,10.4959853823063,6.28256390341802
"29","AWI","2-6",2043,10.7808811279071,6.04755358615948
"30","AWI","2-6",2044,11.1878898010929,5.76687629086384
"31","AWI","2-6",2045,11.9453382390056,5.64150630340604
"32","AWI","2-6",2046,12.0574448606934,5.29495804284295
"33","AWI","2-6",2047,11.0604358060253,5.35489899350345
"34","AWI","2-6",2048,11.9681092497632,5.78294576188911
"35","AWI","2-6",2049,11.1092234714321,5.13272981493047
"36","AWI","2-6",2050,12.0788550743869,6.14815876896549
"37","AWI","2-6",2051,11.4849566545396,5.73250215913877
"38","AWI","2-6",2052,11.1874016475996,5.41182064274299
"39","AWI","2-6",2053,10.902421641228,6.01854124137653
"40","AWI","2-6",2054,11.2807857023242,5.62872365212326
"41","AWI","2-6",2055,11.0112547523858,5.70796868317812
"42","AWI","2-6",2056,10.7487393342022,5.65052244128012
"43","AWI","2-6",2057,11.0232913630467,6.03241562835597
"44","AWI","2-6",2058,11.2020223092031,6.15766813851218
"45","AWI","2-6",2059,11.2561360395416,6.08905900381389
"46","AWI","2-6",2060,11.1099994765865,5.48688854671022
"47","AWI","2-6",2061,10.7775987123436,5.8244038104245
"48","AWI","2-6",2062,10.2296073053242,6.05622598804006
"49","AWI","2-6",2063,11.4339036730655,5.8572653403219
"50","AWI","2-6",2064,12.6485142177616,5.60766900275133
"51","AWI","2-6",2065,12.5011859273388,5.58555475838286
"52","AWI","2-6",2066,11.562202912967,5.64815946101531
"53","AWI","2-6",2067,11.8944498786473,5.4333307124503
"54","AWI","2-6",2068,12.5192878430501,6.28469573003664
"55","AWI","2-6",2069,11.6743657343704,5.74272610607115
"56","AWI","2-6",2070,12.0758034279086,6.32527726206311
"57","AWI","2-6",2071,12.3116781580021,5.75568582547591
"58","AWI","2-6",2072,11.7156060232796,6.15772779814144
"59","AWI","2-6",2073,12.4301990685919,5.99842092503995
"60","AWI","2-6",2074,12.5876181960667,5.49397725009505
"61","AWI","2-6",2075,11.9684992007476,5.93752695281632
"62","AWI","2-6",2076,12.0904625855437,5.71112739038307
"63","AWI","2-6",2077,12.5004110852425,5.44615677368636
"64","AWI","2-6",2078,12.6386828834981,5.0065279945048
"65","AWI","2-6",2079,12.3835269685708,5.73638585795437
"66","AWI","2-6",2080,11.776859075472,5.71765728547308
"67","AWI","2-6",2081,11.7733389051298,5.14286855021328
"68","AWI","2-6",2082,10.8158993456573,5.85501441560268
"69","AWI","2-6",2083,10.2704778869501,5.49528299162163
"70","AWI","2-6",2084,10.8234366744412,5.99876202266536
"71","AWI","2-6",2085,10.828136984122,6.0173924705732
"72","AWI","2-6",2086,11.3046001732332,5.86998124214744
"73","AWI","2-6",2087,12.0119339398788,5.83211410267684
"74","AWI","2-6",2088,11.6550795082553,5.6755121683521
"75","AWI","2-6",2089,11.5096917641339,5.54588999437143
"76","AWI","2-6",2090,11.58845424411,6.39284417374329
"77","AWI","2-6",2091,11.0426056853448,6.16406183303506
"78","AWI","2-6",2092,10.5005392569877,5.96717234794338
"79","AWI","2-6",2093,10.9839839861825,5.86098053494112
"80","AWI","2-6",2094,12.5259738221579,5.674840762849
"81","AWI","2-6",2095,11.2391990926651,4.82554394738923
"82","AWI","2-6",2096,12.3420837563323,5.9963091606984
"83","AWI","2-6",2097,11.4926792845799,5.48503858153312
"84","AWI","2-6",2098,11.986931329535,5.66051933323602
"85","AWI","2-6",2099,11.9327530145503,5.22561682147812
"86","AWI","2-6",2100,11.7309158925829,5.77909701933266
"87","AWI","8-5",2015,10.4592685942794,5.99519071461333
"88","AWI","8-5",2016,9.96813621696368,5.83474006402375
"89","AWI","8-5",2017,10.1330475348028,6.16967334760071
"90","AWI","8-5",2018,10.8241043908339,6.02483803582966
"91","AWI","8-5",2019,10.8199391763415,6.00183089617644
"92","AWI","8-5",2020,10.9658223824402,5.59015325288825
"93","AWI","8-5",2021,10.4035026665819,6.1094110654541
"94","AWI","8-5",2022,10.3944286608105,5.95329683294787
"95","AWI","8-5",2023,10.2564323425228,5.721958350467
"96","AWI","8-5",2024,10.0835728162364,5.85436170008734
"97","AWI","8-5",2025,11.2012103837278,6.1542697978038
"98","AWI","8-5",2026,10.6811154092271,6.41677109566056
"99","AWI","8-5",2027,10.8397908527032,5.89310256294479
"100","AWI","8-5",2028,10.462430116396,6.10221307286999
"101","AWI","8-5",2029,11.2670761649456,6.74610626138832
"102","AWI","8-5",2030,10.938139659278,5.39995954896691
"103","AWI","8-5",2031,11.1212738367034,6.12885078441878
"104","AWI","8-5",2032,11.0996458947219,5.87076600357169
"105","AWI","8-5",2033,9.74204009519155,5.88416526736981
"106","AWI","8-5",2034,10.9009685084726,6.27108623349384
"107","AWI","8-5",2035,11.0589904443405,5.90120283819622
"108","AWI","8-5",2036,10.7996247513003,5.88108875708364
"109","AWI","8-5",2037,10.4226221693019,6.08238545650586
"110","AWI","8-5",2038,11.3218502631793,5.93436273951898
"111","AWI","8-5",2039,12.2160450728832,6.26519987544317
"112","AWI","8-5",2040,12.0943200317787,6.0222847393297
"113","AWI","8-5",2041,11.9602646848108,5.79230757575904
"114","AWI","8-5",2042,12.484559187442,5.84128729541252
"115","AWI","8-5",2043,11.7692417929875,6.28909948299535
"116","AWI","8-5",2044,11.0529314051416,5.49546886784803
"117","AWI","8-5",2045,11.4946678481539,6.45649967820653
"118","AWI","8-5",2046,11.8799056831271,6.26015896845525
"119","AWI","8-5",2047,11.9099270426163,5.98981533088463
"120","AWI","8-5",2048,12.314851272749,5.97436712299292
"121","AWI","8-5",2049,12.7559511708444,6.77032785534306
"122","AWI","8-5",2050,12.2717783611783,5.55991141020487
"123","AWI","8-5",2051,12.5684372787893,5.9526244370955
"124","AWI","8-5",2052,12.1507977648706,5.83720359802033
"125","AWI","8-5",2053,12.8236092142192,6.22947065345825
"126","AWI","8-5",2054,12.0855933929489,6.06630486412501
"127","AWI","8-5",2055,12.4188009005087,6.46684027648834
"128","AWI","8-5",2056,12.7877793552669,5.53540267634974
"129","AWI","8-5",2057,12.6216777484331,5.66141027064655
"130","AWI","8-5",2058,12.6395818022073,6.26870035086286
"131","AWI","8-5",2059,13.3776600883731,6.26603807852294
"132","AWI","8-5",2060,12.8336767492364,5.86134553568163
"133","AWI","8-5",2061,12.8698710277589,6.21677355013589
"134","AWI","8-5",2062,13.9346985906728,6.17030216534961
"135","AWI","8-5",2063,12.8983171518184,6.18885136136542
"136","AWI","8-5",2064,13.7132995496565,6.53223500641214
"137","AWI","8-5",2065,13.6789302916366,6.72009212899085
"138","AWI","8-5",2066,13.0787746325571,5.65800427258397
"139","AWI","8-5",2067,12.9456526592144,5.89599549885166
"140","AWI","8-5",2068,12.8844229859288,6.49674446836977
"141","AWI","8-5",2069,13.6111238372549,6.21170739265426
"142","AWI","8-5",2070,13.8495367602433,6.22450456677858
"143","AWI","8-5",2071,13.4266486564823,5.94688257869993
"144","AWI","8-5",2072,13.6172863898104,5.82900282042369
"145","AWI","8-5",2073,13.6423931052818,5.7954933432634
"146","AWI","8-5",2074,14.0997477044245,6.08286714046854
"147","AWI","8-5",2075,14.128582949268,5.64129425553921
"148","AWI","8-5",2076,13.6675240804642,5.9761694016738
"149","AWI","8-5",2077,15.4864640079386,6.05199582813609
"150","AWI","8-5",2078,15.5460001680328,6.15375941688512
"151","AWI","8-5",2079,14.6432225192489,6.12754288353034
"152","AWI","8-5",2080,14.9123521331002,6.31666428660755
"153","AWI","8-5",2081,15.0270341007358,5.81335029998195
"154","AWI","8-5",2082,14.5570161221375,6.59847628789489
"155","AWI","8-5",2083,13.4325822604675,6.14288738773216
"156","AWI","8-5",2084,13.06251777253,6.40773967857095
"157","AWI","8-5",2085,14.5989949329802,6.01857416611847
"158","AWI","8-5",2086,14.4967490254262,5.86325542220775
"159","AWI","8-5",2087,15.5554487912576,6.09413314635219
"160","AWI","8-5",2088,14.6114444435393,6.02503210698362
"161","AWI","8-5",2089,15.332401230114,6.66309048459446
"162","AWI","8-5",2090,14.9808991454799,6.19307404576259
"163","AWI","8-5",2091,14.5569881939723,6.19717742818284
"164","AWI","8-5",2092,16.2498858201957,5.9340369797717
"165","AWI","8-5",2093,16.1059116294386,5.64891177414455
"166","AWI","8-5",2094,15.6743083496268,6.17552249026175
"167","AWI","8-5",2095,16.4253381943064,6.71059139894478
"168","AWI","8-5",2096,15.1723505751406,6.28520672465454
"169","AWI","8-5",2097,15.6841651655692,6.49261915277679
"170","AWI","8-5",2098,15.4194073345793,6.31126978748346
"171","AWI","8-5",2099,16.3423195665092,6.13652878797225
"172","AWI","8-5",2100,16.26689826333,6.42910661376734
"173","GFDL","8-5",2015,8.97562036705347,5.09432634650611
"174","GFDL","8-5",2016,8.46193590480251,5.2635574189347
"175","GFDL","8-5",2017,9.24194620411595,5.55637341434512
"176","GFDL","8-5",2018,9.14402894573352,5.56666277192918
"177","GFDL","8-5",2019,9.84887080604706,5.65415133752288
"178","GFDL","8-5",2020,9.42800494180762,5.17830439584247
"179","GFDL","8-5",2021,8.97805955573819,4.75659695869241
"180","GFDL","8-5",2022,9.48683249741758,5.20452714447513
"181","GFDL","8-5",2023,9.15496987235037,5.15454517927812
"182","GFDL","8-5",2024,9.78707701737193,5.35288308012136
"183","GFDL","8-5",2025,9.6155552597537,5.04560218675936
"184","GFDL","8-5",2026,8.52884155670595,5.40617441542464
"185","GFDL","8-5",2027,9.83357663562182,5.36999553506367
"186","GFDL","8-5",2028,9.98072237701012,4.75582910950212
"187","GFDL","8-5",2029,9.60137489783946,5.18037148701883
"188","GFDL","8-5",2030,10.0008321284552,5.33355105370834
"189","GFDL","8-5",2031,9.80775977778656,4.90167434122235
"190","GFDL","8-5",2032,9.60981026476225,5.4778344720691
"191","GFDL","8-5",2033,9.13938460164008,5.10227818801688
"192","GFDL","8-5",2034,10.6792906521321,5.48307924105591
"193","GFDL","8-5",2035,10.5354442474558,5.22410713190308
"194","GFDL","8-5",2036,10.3270257544144,5.0490602414836
"195","GFDL","8-5",2037,9.94591857298497,5.2196487981989
"196","GFDL","8-5",2038,9.76354979944537,5.45458600266543
"197","GFDL","8-5",2039,10.2845618953284,4.7495398533862
"198","GFDL","8-5",2040,10.9209333999303,5.40403974452242
"199","GFDL","8-5",2041,9.9910025661141,5.03627428790237
"200","GFDL","8-5",2042,11.3028646349715,4.9985574701618
"201","GFDL","8-5",2043,10.3879407841742,5.1741013757358
"202","GFDL","8-5",2044,11.0141383173979,5.34419046683311
"203","GFDL","8-5",2045,11.5976133680768,5.13152621962881
"204","GFDL","8-5",2046,11.1197796411,5.2527562855813
"205","GFDL","8-5",2047,10.9902113252243,5.80200534793461
"206","GFDL","8-5",2048,10.8367001891541,5.41750097404213
"207","GFDL","8-5",2049,11.7274863810192,5.52931293525094
"208","GFDL","8-5",2050,11.6378835149181,5.1198782108636
"209","GFDL","8-5",2051,10.870225267977,5.54891869708281
"210","GFDL","8-5",2052,12.1071959441725,5.3584208400197
"211","GFDL","8-5",2053,10.7828903731344,5.28982684882078
"212","GFDL","8-5",2054,11.3602949532545,5.23036806939544
"213","GFDL","8-5",2055,11.3064736880644,5.43181087376517
"214","GFDL","8-5",2056,11.6387924198213,5.61518419548843
"215","GFDL","8-5",2057,11.6113402302754,5.56666259446963
"216","GFDL","8-5",2058,11.7535362023991,5.55238804716379
"217","GFDL","8-5",2059,12.2206528992518,5.85794327876973
"218","GFDL","8-5",2060,11.7143311817827,5.51807651718545
"219","GFDL","8-5",2061,11.4346361707098,5.71111380259197
"220","GFDL","8-5",2062,11.7113230756734,5.07799398627305
"221","GFDL","8-5",2063,12.4753435697126,5.46627209304786
"222","GFDL","8-5",2064,13.526661854044,5.18545507218229
"223","GFDL","8-5",2065,11.9585448442061,5.27371899449793
"224","GFDL","8-5",2066,12.130905940077,5.4882991429032
"225","GFDL","8-5",2067,11.6646978808836,5.06211185720174
"226","GFDL","8-5",2068,12.9623892801739,5.45185141638389
"227","GFDL","8-5",2069,12.8986844358102,5.45691511054587
"228","GFDL","8-5",2070,13.2132772720328,5.49209828862096
"229","GFDL","8-5",2071,12.4047712495643,5.06057616373899
"230","GFDL","8-5",2072,12.688467383721,5.61580679950527
"231","GFDL","8-5",2073,12.6384865400246,4.9192110669389
"232","GFDL","8-5",2074,13.3855122382492,5.56338159993715
"233","GFDL","8-5",2075,13.4560895933542,5.4060213794549
"234","GFDL","8-5",2076,12.894681124949,5.66810898987632
"235","GFDL","8-5",2077,12.0625205993351,5.43347777194516
"236","GFDL","8-5",2078,13.0843341804812,5.67930327824077
"237","GFDL","8-5",2079,12.9995475069552,5.51012009055753
"238","GFDL","8-5",2080,13.5508952337096,5.71878798733866
"239","GFDL","8-5",2081,13.7572420743946,5.45854582409609
"240","GFDL","8-5",2082,14.2080155591467,5.31801405102031
"241","GFDL","8-5",2083,13.511821491211,5.41483343777812
"242","GFDL","8-5",2084,13.3512386429019,5.63435852373536
"243","GFDL","8-5",2085,13.1789096319119,5.49495962921729
"244","GFDL","8-5",2086,14.102381454471,5.84097658753298
"245","GFDL","8-5",2087,13.9337063349522,5.54507824533402
"246","GFDL","8-5",2088,13.731146400179,5.94712796735698
"247","GFDL","8-5",2089,13.1203867408561,5.59562916493884
"248","GFDL","8-5",2090,13.4646010157454,6.2095212585656
"249","GFDL","8-5",2091,14.3743518894493,5.48295803363998
"250","GFDL","8-5",2092,14.5506865348111,5.5955505889441
"251","GFDL","8-5",2093,14.6324610710362,5.42513702699669
"252","GFDL","8-5",2094,14.0549536567295,5.53265830306557
"253","GFDL","8-5",2095,14.6879503512127,5.31767682118808
"254","GFDL","8-5",2096,14.7552618887392,5.82769432055257
"255","GFDL","8-5",2097,14.8032631565476,5.37217596652617
"256","GFDL","8-5",2098,15.0584178367229,5.2989610934943
"257","GFDL","8-5",2099,14.7711746062741,5.21143549358221
"258","GFDL","8-5",2100,14.5948857847915,5.52058077665422
"259","HAD","2-6",2015,9.83611608584087,5.18198141750775
"260","HAD","2-6",2016,9.18971908767105,5.77586741295725
"261","HAD","2-6",2017,10.028692439176,5.49560025619715
"262","HAD","2-6",2018,10.0627613689422,5.79932148010263
"263","HAD","2-6",2019,8.48233424197552,5.21272666669936
"264","HAD","2-6",2020,8.37417156563903,5.07373388466978
"265","HAD","2-6",2021,8.98151511418961,5.80217000717318
"266","HAD","2-6",2022,9.16080337932888,5.20460429979537
"267","HAD","2-6",2023,8.7612974125388,5.47958194017623
"268","HAD","2-6",2024,9.52416953532495,5.71389223118723
"269","HAD","2-6",2025,8.74902568173391,5.17550562807144
"270","HAD","2-6",2026,8.91050941561453,5.57021359650658
"271","HAD","2-6",2027,9.1994051192205,5.65714279177957
"272","HAD","2-6",2028,9.60920540947953,5.12131205948809
"273","HAD","2-6",2029,9.95173858328473,5.56740252791519
"274","HAD","2-6",2030,9.26289676232428,5.44277143196017
"275","HAD","2-6",2031,8.88607921781442,5.34690122086757
"276","HAD","2-6",2032,9.02929877189786,5.71754112942778
"277","HAD","2-6",2033,9.05073574405068,5.40058336515839
"278","HAD","2-6",2034,9.6623887366444,5.7806156940544
"279","HAD","2-6",2035,10.1141395898561,5.2068990993487
"280","HAD","2-6",2036,10.1770507692027,6.05830204987701
"281","HAD","2-6",2037,9.18205577628431,5.57907831082439
"282","HAD","2-6",2038,9.16565132872225,6.1981762423054
"283","HAD","2-6",2039,10.5900978901838,5.46617662562054
"284","HAD","2-6",2040,10.2862513573039,5.67102519203157
"285","HAD","2-6",2041,9.79230595877573,5.68192959094573
"286","HAD","2-6",2042,11.5952337579932,5.29229024095768
"287","HAD","2-6",2043,10.1537714153439,5.39606502782471
"288","HAD","2-6",2044,11.2245411628158,5.49936003442888
"289","HAD","2-6",2045,11.0923885711443,5.59322424900758
"290","HAD","2-6",2046,10.6037921764633,5.2481923202275
"291","HAD","2-6",2047,11.0022409083396,5.85040260086358
"292","HAD","2-6",2048,11.3550685777021,5.38462162191189
"293","HAD","2-6",2049,11.3788233786406,5.78224998393116
"294","HAD","2-6",2050,10.8329395396014,5.74377415758673
"295","HAD","2-6",2051,10.0464164645472,6.16347759279352
"296","HAD","2-6",2052,11.1993489862675,5.65255944121142
"297","HAD","2-6",2053,11.1761189353635,5.78137968093934
"298","HAD","2-6",2054,11.1171218727696,5.3328008501223
"299","HAD","2-6",2055,11.0006356888867,5.38112975972455
"300","HAD","2-6",2056,10.9194841196853,5.64875059576267
"301","HAD","2-6",2057,10.4889010533283,4.96098629533451
"302","HAD","2-6",2058,9.93600437899453,5.42518202487708
"303","HAD","2-6",2059,10.1320858613402,5.28111804088471
"304","HAD","2-6",2060,11.1037052899458,5.27762377310704
"305","HAD","2-6",2061,10.1826735533016,5.53679595063465
"306","HAD","2-6",2062,10.9328853372141,5.65188714247086
"307","HAD","2-6",2063,10.1256417628278,5.21860467839862
"308","HAD","2-6",2064,10.3181875255279,5.25807860556579
"309","HAD","2-6",2065,10.7370770386918,5.65393130627161
"310","HAD","2-6",2066,11.169271844586,5.37922466911955
"311","HAD","2-6",2067,11.4861976716909,5.74171645945131
"312","HAD","2-6",2068,11.2639122118685,5.69392092774497
"313","HAD","2-6",2069,11.1833973347565,5.94286354293351
"314","HAD","2-6",2070,10.8888054886287,5.8178673450961
"315","HAD","2-6",2071,10.7722234704909,5.4240751405382
"316","HAD","2-6",2072,11.5778162797391,5.96459045850234
"317","HAD","2-6",2073,10.9223936696629,5.32896995458189
"318","HAD","2-6",2074,11.2173548158658,5.38790349926538
"319","HAD","2-6",2075,10.3816246829485,6.05503052611666
"320","HAD","2-6",2076,10.669048738591,5.20366282072564
"321","HAD","2-6",2077,11.3921618336879,6.18058899911346
"322","HAD","2-6",2078,10.3263821991956,5.1814457966837
"323","HAD","2-6",2079,12.2426878409528,5.58703253631844
"324","HAD","2-6",2080,11.7607751302701,5.60087204205183
"325","HAD","2-6",2081,11.6403184510372,5.79590433919143
"326","HAD","2-6",2082,10.5388962010542,5.63351964288776
"327","HAD","2-6",2083,11.5272120502722,5.76620137905626
"328","HAD","2-6",2084,12.0913057164644,5.49262254670445
"329","HAD","2-6",2085,11.3330482763538,5.09268761556431
"330","HAD","2-6",2086,10.9326096861555,5.77305236794329
"331","HAD","2-6",2087,10.709886677401,5.54996098702858
"332","HAD","2-6",2088,9.91762284243365,5.80876296320358
"333","HAD","2-6",2089,12.1229440986859,5.9275878057364
"334","HAD","2-6",2090,11.967999541631,6.01323969252797
"335","HAD","2-6",2091,11.4342437330787,5.13730581179387
"336","HAD","2-6",2092,11.4524849109262,5.39847403854885
"337","HAD","2-6",2093,10.3237218475796,5.27921894674236
"338","HAD","2-6",2094,10.7881202963331,5.33028851788266
"339","HAD","2-6",2095,10.7605446912747,6.24848069347772
"340","HAD","2-6",2096,11.2364862888385,5.31441537348748
"341","HAD","2-6",2097,11.9715086992684,5.43598010783864
"342","HAD","2-6",2098,10.800208416564,5.34610401255837
"343","HAD","2-6",2099,10.9315801412569,5.57412598136201
"344","HAD","2-6",2100,11.8113122640951,5.91172040544264
"345","HAD","8-5",2015,8.61627369317301,5.54918133174922
"346","HAD","8-5",2016,8.32224804423569,5.76563732297303
"347","HAD","8-5",2017,9.15682298499128,5.44368921208592
"348","HAD","8-5",2018,9.85248149535112,5.37451835358202
"349","HAD","8-5",2019,9.89158280074693,5.62235304190228
"350","HAD","8-5",2020,10.195192971948,5.45718817281194
"351","HAD","8-5",2021,9.95464322364147,5.87204367495261
"352","HAD","8-5",2022,9.15492374445737,4.78718597898856
"353","HAD","8-5",2023,10.0030953450217,5.79355630185199
"354","HAD","8-5",2024,9.50419371760342,5.6283311511402
"355","HAD","8-5",2025,9.7197374582012,5.47846069394309
"356","HAD","8-5",2026,9.35180828877919,5.19451692013343
"357","HAD","8-5",2027,9.91081924677428,5.77736457906644
"358","HAD","8-5",2028,10.0216011317094,5.43906178963434
"359","HAD","8-5",2029,10.3391595280155,5.60327496274001
"360","HAD","8-5",2030,9.1473467597306,5.26464899530537
"361","HAD","8-5",2031,9.45008080714356,5.93912214998925
"362","HAD","8-5",2032,10.7654348545355,5.70932339465126
"363","HAD","8-5",2033,10.4108633464823,5.3505171917746
"364","HAD","8-5",2034,10.0337038197626,5.84240530009234
"365","HAD","8-5",2035,10.1369134722084,5.48298956028276
"366","HAD","8-5",2036,10.360103649269,6.07229061771617
"367","HAD","8-5",2037,10.1224447004805,5.93856191071836
"368","HAD","8-5",2038,10.3018332822246,6.15073935624058
"369","HAD","8-5",2039,12.0338035141499,5.41861620602834
"370","HAD","8-5",2040,11.0981923933721,5.44154599275904
"371","HAD","8-5",2041,10.7697201714865,5.50766808249816
"372","HAD","8-5",2042,10.2094885541497,5.90928729282369
"373","HAD","8-5",2043,9.73116626395457,6.00649303301503
"374","HAD","8-5",2044,10.5952532633862,5.89690758402411
"375","HAD","8-5",2045,10.1708557934673,6.14757258434061
"376","HAD","8-5",2046,10.1914375293723,5.45675026782666
"377","HAD","8-5",2047,10.4097372496399,5.95481488083281
"378","HAD","8-5",2048,10.2531989052111,5.68337492896419
"379","HAD","8-5",2049,10.4921620362377,5.67901823894919
"380","HAD","8-5",2050,10.7506460280883,5.3701311172503
"381","HAD","8-5",2051,11.6251633936145,5.90870389380995
"382","HAD","8-5",2052,11.3129966446491,5.07802830806446
"383","HAD","8-5",2053,11.3685412934027,5.87235547465944
"384","HAD","8-5",2054,12.0765077864746,5.45910583822726
"385","HAD","8-5",2055,13.0034536023509,5.12638987707568
"386","HAD","8-5",2056,12.6568293824074,5.68249522630501
"387","HAD","8-5",2057,12.1320989925541,6.20168084099876
"388","HAD","8-5",2058,12.2477894832868,5.8702346096466
"389","HAD","8-5",2059,12.2115443287486,5.67040115563244
"390","HAD","8-5",2060,11.6042717756742,5.304416399624
"391","HAD","8-5",2061,12.5565182443702,6.53432044383034
"392","HAD","8-5",2062,12.3237085723605,5.87025582864218
"393","HAD","8-5",2063,12.397737950111,5.68136824391082
"394","HAD","8-5",2064,12.4767945577685,5.89008014050413
"395","HAD","8-5",2065,13.2250898669003,5.71118522938091
"396","HAD","8-5",2066,14.3735576097101,5.53700007904528
"397","HAD","8-5",2067,11.6505149562239,5.71118816539482
"398","HAD","8-5",2068,12.4276994276409,5.74218772641125
"399","HAD","8-5",2069,13.1018472381899,5.82734771052037
"400","HAD","8-5",2070,13.3827244150819,6.09850671177644
"401","HAD","8-5",2071,12.1553113254568,6.17666210358506
"402","HAD","8-5",2072,12.5646109151435,6.38773381964173
"403","HAD","8-5",2073,13.6617604839043,5.87841366858769
"404","HAD","8-5",2074,13.1243772169342,5.77264969486957
"405","HAD","8-5",2075,13.8236199921689,6.6545671874536
"406","HAD","8-5",2076,14.5330653137063,5.70032528759387
"407","HAD","8-5",2077,14.1411348063611,5.88610704579325
"408","HAD","8-5",2078,13.5489870481982,6.10051638677896
"409","HAD","8-5",2079,14.0262293367602,6.00882386391878
"410","HAD","8-5",2080,14.3195671529272,6.35736664345161
"411","HAD","8-5",2081,13.5339547645893,6.14409797526348
"412","HAD","8-5",2082,13.3788087038171,6.29649179450128
"413","HAD","8-5",2083,13.7434776739138,5.5767346275298
"414","HAD","8-5",2084,12.4531278131054,5.93213587454258
"415","HAD","8-5",2085,15.0895343379311,6.38181028555626
"416","HAD","8-5",2086,15.0563546893526,5.99508468833367
"417","HAD","8-5",2087,13.7040629104057,6.22241665239435
"418","HAD","8-5",2088,14.942097044665,6.42461701286672
"419","HAD","8-5",2089,14.7830524912184,5.97213311865456
"420","HAD","8-5",2090,15.5733203825287,6.33876030111072
"421","HAD","8-5",2091,14.8181615834816,6.09192761349447
"422","HAD","8-5",2092,14.317247302174,6.23606350721931
"423","HAD","8-5",2093,14.8531865116262,6.18984754358812
"424","HAD","8-5",2094,16.0675008847482,5.79849555459268
"425","HAD","8-5",2095,16.2452382041678,6.29102336974129
"426","HAD","8-5",2096,16.0922239626037,6.02384762443613
"427","HAD","8-5",2097,15.9635829660971,6.01324310447266
"428","HAD","8-5",2098,15.729224044469,5.73923862724581
"429","HAD","8-5",2099,15.4837850301519,5.89726371654009
"430","HAD","8-5",2100,16.6194863264809,5.84782700297678
"431","IPSL","2-6",2015,8.98099667284194,5.9567594167114
"432","IPSL","2-6",2016,8.54075486660556,6.10038781769129
"433","IPSL","2-6",2017,8.64387534968219,5.90035558618534
"434","IPSL","2-6",2018,9.31541670054604,5.37924985345557
"435","IPSL","2-6",2019,8.69147315733822,6.03357890023545
"436","IPSL","2-6",2020,9.45455996903184,5.52745604683029
"437","IPSL","2-6",2021,9.28320276502236,5.59574000802442
"438","IPSL","2-6",2022,8.80775638963669,4.95137362202273
"439","IPSL","2-6",2023,8.48699452854683,5.93174126155365
"440","IPSL","2-6",2024,8.7270489071844,5.79718471105797
"441","IPSL","2-6",2025,9.03448713638218,5.66917887304226
"442","IPSL","2-6",2026,9.36404116954483,5.78131220349051
"443","IPSL","2-6",2027,10.5700881768256,5.34787273506587
"444","IPSL","2-6",2028,9.01271448413476,5.61752514959482
"445","IPSL","2-6",2029,9.07382450220812,5.74022114299025
"446","IPSL","2-6",2030,8.54946485521563,5.86641239794755
"447","IPSL","2-6",2031,9.58210882108421,5.61330032360346
"448","IPSL","2-6",2032,9.28917075546712,5.33705114864233
"449","IPSL","2-6",2033,9.25869924705592,5.25626383064846
"450","IPSL","2-6",2034,9.60264121943237,5.54056716890536
"451","IPSL","2-6",2035,9.05972386787884,5.69808986227869
"452","IPSL","2-6",2036,9.22906953471385,5.57558475418207
"453","IPSL","2-6",2037,9.33393342841343,5.25898637434256
"454","IPSL","2-6",2038,10.1973434316696,5.88792734572114
"455","IPSL","2-6",2039,9.80246023988091,5.76447997295274
"456","IPSL","2-6",2040,9.36034265539955,5.67646971908101
"457","IPSL","2-6",2041,9.60868334919396,5.88701647204193
"458","IPSL","2-6",2042,9.56015747237111,6.4083862570772
"459","IPSL","2-6",2043,8.92382966299405,5.95699963240401
"460","IPSL","2-6",2044,10.1116991966389,5.94721970252044
"461","IPSL","2-6",2045,9.52857425626187,5.99738028480689
"462","IPSL","2-6",2046,9.44111051425166,5.63141894283141
"463","IPSL","2-6",2047,9.06473945956247,5.96067792865203
"464","IPSL","2-6",2048,9.85091891250987,5.49999442790027
"465","IPSL","2-6",2049,10.4812347075035,6.16758250416299
"466","IPSL","2-6",2050,9.93521806240151,5.3805196657252
"467","IPSL","2-6",2051,9.74677138306868,5.67087833500066
"468","IPSL","2-6",2052,10.4456420262048,6.20648636045315
"469","IPSL","2-6",2053,10.0647275799827,6.00885905716166
"470","IPSL","2-6",2054,9.46686212384454,5.91696084705604
"471","IPSL","2-6",2055,9.72627353656217,6.06754784348627
"472","IPSL","2-6",2056,10.5284035952508,5.92147172311346
"473","IPSL","2-6",2057,10.5242116049818,5.59569030942632
"474","IPSL","2-6",2058,10.0820147077809,6.03867110939285
"475","IPSL","2-6",2059,9.96999300431961,5.43907538115704
"476","IPSL","2-6",2060,9.66038553064766,5.93216977494331
"477","IPSL","2-6",2061,10.2299449852551,5.73860588987983
"478","IPSL","2-6",2062,9.95024246001999,5.47315317853298
"479","IPSL","2-6",2063,10.8121700834789,5.46386094340646
"480","IPSL","2-6",2064,10.632713119573,6.03299897342379
"481","IPSL","2-6",2065,10.0771929785069,5.68754567158435
"482","IPSL","2-6",2066,10.1593803792179,6.00600074941926
"483","IPSL","2-6",2067,10.4662405114925,5.27871973216516
"484","IPSL","2-6",2068,9.52483073948655,5.39943274214755
"485","IPSL","2-6",2069,11.4433214845945,5.81506172941358
"486","IPSL","2-6",2070,10.1324299443509,5.51224645068652
"487","IPSL","2-6",2071,10.4364668578332,5.76754237330138
"488","IPSL","2-6",2072,10.0947882462858,5.37752250288464
"489","IPSL","2-6",2073,10.3656555762297,5.99168887834058
"490","IPSL","2-6",2074,10.5487179062804,5.1813583370803
"491","IPSL","2-6",2075,10.1022653974772,6.07266174933474
"492","IPSL","2-6",2076,9.7521318092563,5.49136905930072
"493","IPSL","2-6",2077,10.4225106986066,5.44165761341436
"494","IPSL","2-6",2078,10.4548053591689,5.48126821298638
"495","IPSL","2-6",2079,10.2169768494908,6.01103875698027
"496","IPSL","2-6",2080,9.40781828243189,5.519354050095
"497","IPSL","2-6",2081,9.7066436061723,5.42042861117388
"498","IPSL","2-6",2082,10.0737163177544,5.21948323492552
"499","IPSL","2-6",2083,10.1788370866698,5.4444800661802
"500","IPSL","2-6",2084,9.39221756179908,5.83521948988951
"501","IPSL","2-6",2085,10.8491514691598,5.93446927700325
"502","IPSL","2-6",2086,10.7817355387964,5.53961259485961
"503","IPSL","2-6",2087,9.75647657437224,6.10532713856565
"504","IPSL","2-6",2088,10.3127374706981,5.93694871748054
"505","IPSL","2-6",2089,10.4362232508633,5.86417161060637
"506","IPSL","2-6",2090,9.87821555325568,5.65264860056133
"507","IPSL","2-6",2091,9.88722010033912,5.80121713590087
"508","IPSL","2-6",2092,9.8292059420445,6.18960862422381
"509","IPSL","2-6",2093,10.1495972523634,5.62964179260261
"510","IPSL","2-6",2094,10.2725414685858,5.87655307332841
"511","IPSL","2-6",2095,10.9838071773815,5.37640778822935
"512","IPSL","2-6",2096,9.82531538226888,5.30668916186123
"513","IPSL","2-6",2097,10.3722202666634,6.15477462860266
"514","IPSL","2-6",2098,9.85228634948486,5.62564797703578
"515","IPSL","2-6",2099,10.7996770453017,5.85927085781687
"516","IPSL","2-6",2100,10.2527847227222,5.83664067413828
"517","IPSL","8-5",2015,9.20811310024307,5.74918761685835
"518","IPSL","8-5",2016,9.70352120090556,5.24400931169395
"519","IPSL","8-5",2017,8.65701514493004,5.91804632993949
"520","IPSL","8-5",2018,7.80768780566677,5.51532118981366
"521","IPSL","8-5",2019,8.75955433480147,5.76893621846033
"522","IPSL","8-5",2020,9.2267163004006,5.13126042490937
"523","IPSL","8-5",2021,8.86215244663412,5.22197298703689
"524","IPSL","8-5",2022,8.62053284486918,5.54747996361252
"525","IPSL","8-5",2023,9.93978904209028,5.71783062548039
"526","IPSL","8-5",2024,9.86232170846921,5.48967850462326
"527","IPSL","8-5",2025,9.31836683756756,5.16649036827327
"528","IPSL","8-5",2026,9.55920782966723,5.8409595891635
"529","IPSL","8-5",2027,9.73874274166215,5.77167094378232
"530","IPSL","8-5",2028,9.60719784084147,5.24627428827157
"531","IPSL","8-5",2029,9.56353272052539,5.58778803223171
"532","IPSL","8-5",2030,9.38800701363285,5.53569691216957
"533","IPSL","8-5",2031,9.09563649379909,5.10795943492662
"534","IPSL","8-5",2032,8.99980985422909,4.92085760604534
"535","IPSL","8-5",2033,9.26938499970909,6.05885937450667
"536","IPSL","8-5",2034,9.7300887467954,5.63912678275899
"537","IPSL","8-5",2035,9.38383523628031,6.0637651985488
"538","IPSL","8-5",2036,9.86792372707456,5.77692356827982
"539","IPSL","8-5",2037,9.44941286551866,5.62393642798088
"540","IPSL","8-5",2038,9.36617666151344,5.60065582653163
"541","IPSL","8-5",2039,10.098576712058,6.07716864799796
"542","IPSL","8-5",2040,10.0898697129883,5.93867892278071
"543","IPSL","8-5",2041,9.40832093592076,5.93981269365778
"544","IPSL","8-5",2042,9.99487851341763,5.82935864082076
"545","IPSL","8-5",2043,10.8684372417319,5.94126193327478
"546","IPSL","8-5",2044,10.0254747555612,5.51178678196051
"547","IPSL","8-5",2045,9.9596165358292,5.63861258301621
"548","IPSL","8-5",2046,9.75255589974828,5.77628060524938
"549","IPSL","8-5",2047,10.7236694243285,6.1984643317677
"550","IPSL","8-5",2048,11.6443370993966,5.32112775415825
"551","IPSL","8-5",2049,10.95880702448,5.74676768922184
"552","IPSL","8-5",2050,10.8111024213206,5.5901031343584
"553","IPSL","8-5",2051,10.6008185472143,5.86827553529507
"554","IPSL","8-5",2052,10.1091394398233,5.60253689697242
"555","IPSL","8-5",2053,10.7458674080316,6.15794788624233
"556","IPSL","8-5",2054,10.0179348649095,5.32360330491941
"557","IPSL","8-5",2055,11.1135854936606,5.67803401890007
"558","IPSL","8-5",2056,11.4672921854247,6.01634142659328
"559","IPSL","8-5",2057,9.7999910505937,5.88879164953615
"560","IPSL","8-5",2058,10.8155439586106,5.68775445403959
"561","IPSL","8-5",2059,10.9268423248701,5.98245327604852
"562","IPSL","8-5",2060,10.3379602678707,5.97660454567661
"563","IPSL","8-5",2061,11.0053876262544,6.4992266656195
"564","IPSL","8-5",2062,12.0025531834821,5.74074193632723
"565","IPSL","8-5",2063,10.8746152752443,5.76566880767883
"566","IPSL","8-5",2064,11.3912397805013,6.20617266312094
"567","IPSL","8-5",2065,11.4501763493064,5.79573696709224
"568","IPSL","8-5",2066,11.582652081425,6.31928910917995
"569","IPSL","8-5",2067,11.083215885092,5.81989165749831
"570","IPSL","8-5",2068,11.0060747600243,6.03557669157708
"571","IPSL","8-5",2069,10.935768666844,5.87953745060348
"572","IPSL","8-5",2070,11.9949208831407,6.40728334317699
"573","IPSL","8-5",2071,12.1112155484621,6.57681042867853
"574","IPSL","8-5",2072,11.1585233104457,6.27722274910723
"575","IPSL","8-5",2073,11.7783563786627,6.26365953310004
"576","IPSL","8-5",2074,12.2769190071439,5.89623714510891
"577","IPSL","8-5",2075,12.3038353224076,6.0848435953819
"578","IPSL","8-5",2076,12.2638491047251,6.12678623644736
"579","IPSL","8-5",2077,12.5699954109952,6.38893131400815
"580","IPSL","8-5",2078,12.8273111140716,6.09891946303839
"581","IPSL","8-5",2079,12.6074546310123,6.14559787324726
"582","IPSL","8-5",2080,13.231524055258,5.91000368757893
"583","IPSL","8-5",2081,11.9861039935976,5.63154844935079
"584","IPSL","8-5",2082,12.7168672231628,5.57952718522576
"585","IPSL","8-5",2083,12.7485356617307,6.1700926649073
"586","IPSL","8-5",2084,12.9292707124436,6.47275113422272
"587","IPSL","8-5",2085,13.6321616857979,6.44732550923069
"588","IPSL","8-5",2086,14.7797358353629,6.21161706549663
"589","IPSL","8-5",2087,12.9780382946129,6.31141821098461
"590","IPSL","8-5",2088,13.1603662454811,6.06195623066133
"591","IPSL","8-5",2089,13.9557101713904,6.39388272545694
"592","IPSL","8-5",2090,13.2733728860298,6.09748710744563
"593","IPSL","8-5",2091,12.9462686681665,5.85909757816699
"594","IPSL","8-5",2092,13.5657042336293,6.27868523016763
"595","IPSL","8-5",2093,13.9760192800164,5.90620784658384
"596","IPSL","8-5",2094,14.0919095958875,6.6657968483444
"597","IPSL","8-5",2095,13.8329835225519,6.18028374400321
"598","IPSL","8-5",2096,14.356474631248,6.10088517998606
"599","IPSL","8-5",2097,14.0646053796469,6.43507819572857
"600","IPSL","8-5",2098,14.2106124391312,6.61726197386155
"601","IPSL","8-5",2099,13.2658747154052,6.17952595239236
"602","IPSL","8-5",2100,13.4577739509993,6.35612128678026
